id;street;description;postalcode
1;Reilly Ridges;Interactions Versatile hack;Rubber line applications
2;Senger Viaduct;withdrawal;Passage JSON supply-chains
3;Franecki Dam;Berkshire Buckinghamshire;Account
4;Cronin Run;Credit;microchip Chile Tuna
5;Jerrold Key;invoice Hat;Dollar Incredible
6;Gutmann Village;hacking;Timor-Leste
7;Ruecker Islands;Account;Toys contextually-based Sausages
8;Ephraim Island;Soap Account;Shoes
9;Alyce Trace;grow;alarm Dinar Bacon
10;Reynolds Knolls;override projection Taka;Technician Accounts blue
