id;name;surname;nationalid;dateofbirth;gender
1;Assistant;Market;80068;2022-04-10T12:35:18;orchid
2;User-friendly Concrete;pricing;29113;2022-04-10T15:06:00;Music Principal Sahara
3;Kong deposit;indexing Ball;27422;2022-04-10T19:44:28;Pa'anga azure online
4;JBOD;Progressive;32791;2022-04-10T22:23:23;Lilangeni
5;California;bluetooth secondary;25113;2022-04-10T22:26:37;Tennessee Handmade violet
6;primary;Renminbi plum;77121;2022-04-10T12:59:10;Lilangeni
7;Chair Directives;Loan Lead;63982;2022-04-10T08:32:58;Loan Rhode
8;Omani;Rustic Re-engineered;8334;2022-04-10T10:00:21;Island
9;African fuchsia;ivory deposit Horizontal;82592;2022-04-10T15:00:41;Cliff Metrics
10;redefine;overriding Cotton;92364;2022-04-10T22:12:30;maroon
